枠名,song_id,補足情報,歌唱順,配信日,枠URL,コラボ相手様,キー
【初配信 : #RKMusic歌枠リレー】本日Debutのヲウカ歌います。みんなと楽しむ✲【#wouca : RK Music】,S0456,,1,2025-11-27,https://www.youtube.com/live/WurOC6M8L-g?t=123,なし,
【初配信 : #RKMusic歌枠リレー】本日Debutのヲウカ歌います。みんなと楽しむ✲【#wouca : RK Music】,S0457,,2,2025-11-27,https://www.youtube.com/live/WurOC6M8L-g?t=163,なし,
【初配信 : #RKMusic歌枠リレー】本日Debutのヲウカ歌います。みんなと楽しむ✲【#wouca : RK Music】,S0458,,3,2025-11-27,https://www.youtube.com/live/WurOC6M8L-g?t=594,なし,
【初配信 : #RKMusic歌枠リレー】本日Debutのヲウカ歌います。みんなと楽しむ✲【#wouca : RK Music】,S0459,,4,2025-11-27,https://www.youtube.com/live/WurOC6M8L-g?t=944,なし,
【初配信 : #RKMusic歌枠リレー】本日Debutのヲウカ歌います。みんなと楽しむ✲【#wouca : RK Music】,S0456,,5,2025-11-27,https://www.youtube.com/live/WurOC6M8L-g?t=1726,なし,
【歌枠】自己紹介と、少し歌ったりもしたいです✽【wouca : RK Music】#utawouca 01,S0460,,1,2025-11-28,https://www.youtube.com/live/SLv-acOdGy8?t=4481,なし,
【歌枠】自己紹介と、少し歌ったりもしたいです✽【wouca : RK Music】#utawouca 01,S0461,,2,2025-11-28,https://www.youtube.com/live/SLv-acOdGy8?t=8041,なし,
【歌枠】自己紹介と、少し歌ったりもしたいです✽【wouca : RK Music】#utawouca 01,S0462,,3,2025-11-28,https://www.youtube.com/live/SLv-acOdGy8?t=8787,なし,
【歌枠】自己紹介と、少し歌ったりもしたいです✽【wouca : RK Music】#utawouca 01,S0456,,4,2025-11-28,https://www.youtube.com/live/SLv-acOdGy8?t=10914,なし,
【歌枠】祝・チャンネル登録5000人達成を歌で祝ヲウカ✽【wouca : RK Music】#utawouca 02,S0463,,1,2025-11-30,https://www.youtube.com/live/SLv-acOdGy8?t=1965,なし,
【歌枠】祝・チャンネル登録5000人達成を歌で祝ヲウカ✽【wouca : RK Music】#utawouca 02,S0464,,2,2025-11-30,https://www.youtube.com/live/SLv-acOdGy8?t=2583,なし,
【歌枠】祝・チャンネル登録5000人達成を歌で祝ヲウカ✽【wouca : RK Music】#utawouca 02,S0465,,3,2025-11-30,https://www.youtube.com/live/SLv-acOdGy8?t=3413,なし,
【歌枠】祝・チャンネル登録5000人達成を歌で祝ヲウカ✽【wouca : RK Music】#utawouca 02,S0302,,4,2025-11-30,https://www.youtube.com/live/SLv-acOdGy8?t=3728,なし,
【歌枠】祝・チャンネル登録5000人達成を歌で祝ヲウカ✽【wouca : RK Music】#utawouca 02,S0466,,5,2025-11-30,https://www.youtube.com/live/SLv-acOdGy8?t=4653,なし,
【歌枠】祝・チャンネル登録5000人達成を歌で祝ヲウカ✽【wouca : RK Music】#utawouca 02,S0467,,6,2025-11-30,https://www.youtube.com/live/SLv-acOdGy8?t=5616,なし,
【歌枠】祝・チャンネル登録5000人達成を歌で祝ヲウカ✽【wouca : RK Music】#utawouca 02,S0287,,7,2025-11-30,https://www.youtube.com/live/SLv-acOdGy8?t=5958,なし,
【歌枠】祝・チャンネル登録5000人達成を歌で祝ヲウカ✽【wouca : RK Music】#utawouca 02,S0468,,8,2025-11-30,https://www.youtube.com/live/SLv-acOdGy8?t=6358,なし,
【歌枠】冬を感じるけど、心はぽかぽかする曲を歌ヲウカ✽【wouca : RK Music】#utawouca 03,S0475,,1,2025-12-01,https://www.youtube.com/live/bHbLrPE2qZc?t=304,なし,
【歌枠】冬を感じるけど、心はぽかぽかする曲を歌ヲウカ✽【wouca : RK Music】#utawouca 03,S0469,,2,2025-12-01,https://www.youtube.com/live/bHbLrPE2qZc?t=1084,なし,
【歌枠】冬を感じるけど、心はぽかぽかする曲を歌ヲウカ✽【wouca : RK Music】#utawouca 03,S0470,,3,2025-12-01,https://www.youtube.com/live/bHbLrPE2qZc?t=2528,なし,
【歌枠】冬を感じるけど、心はぽかぽかする曲を歌ヲウカ✽【wouca : RK Music】#utawouca 03,S0471,,4,2025-12-01,https://www.youtube.com/live/bHbLrPE2qZc?t=3081,なし,
【歌枠】冬を感じるけど、心はぽかぽかする曲を歌ヲウカ✽【wouca : RK Music】#utawouca 03,S0253,,5,2025-12-01,https://www.youtube.com/live/bHbLrPE2qZc?t=4268,なし,
【歌枠】冬を感じるけど、心はぽかぽかする曲を歌ヲウカ✽【wouca : RK Music】#utawouca 03,S0253,,6,2025-12-01,https://www.youtube.com/live/bHbLrPE2qZc?t=4591,なし,
【歌枠】冬を感じるけど、心はぽかぽかする曲を歌ヲウカ✽【wouca : RK Music】#utawouca 03,S0476,,7,2025-12-01,https://www.youtube.com/live/bHbLrPE2qZc?t=5548,なし,
【歌枠】冬を感じるけど、心はぽかぽかする曲を歌ヲウカ✽【wouca : RK Music】#utawouca 03,S0473,,8,2025-12-01,https://www.youtube.com/live/bHbLrPE2qZc?t=5899,なし,
【歌枠】冬を感じるけど、心はぽかぽかする曲を歌ヲウカ✽【wouca : RK Music】#utawouca 03,S0474,,9,2025-12-01,https://www.youtube.com/live/bHbLrPE2qZc?t=7135,なし,
【歌枠】復活！？とてもとても久しぶりに歌ヲウカ✽【wouca : RK Music】#utawouca 04,S0477,,1,2025-12-17,https://www.youtube.com/live/ArNsCpm1Hsg?t=248,なし,
【歌枠】復活！？とてもとても久しぶりに歌ヲウカ✽【wouca : RK Music】#utawouca 04,S0214,,2,2025-12-17,https://www.youtube.com/live/ArNsCpm1Hsg?t=866,なし,
【歌枠】復活！？とてもとても久しぶりに歌ヲウカ✽【wouca : RK Music】#utawouca 04,S0478,,3,2025-12-17,https://www.youtube.com/live/ArNsCpm1Hsg?t=1609,なし,
【歌枠】復活！？とてもとても久しぶりに歌ヲウカ✽【wouca : RK Music】#utawouca 04,S0479,,4,2025-12-17,https://www.youtube.com/live/ArNsCpm1Hsg?t=2227,なし,
【歌枠】復活！？とてもとても久しぶりに歌ヲウカ✽【wouca : RK Music】#utawouca 04,S0480,,5,2025-12-17,https://www.youtube.com/live/ArNsCpm1Hsg?t=2425,なし,
【歌枠】復活！？とてもとても久しぶりに歌ヲウカ✽【wouca : RK Music】#utawouca 04,S0481,,6,2025-12-17,https://www.youtube.com/live/ArNsCpm1Hsg?t=2746,なし,
【歌枠】復活！？とてもとても久しぶりに歌ヲウカ✽【wouca : RK Music】#utawouca 04,S0413,,7,2025-12-17,https://www.youtube.com/live/ArNsCpm1Hsg?t=4770,なし,
【歌枠】復活！？とてもとても久しぶりに歌ヲウカ✽【wouca : RK Music】#utawouca 04,S0482,,8,2025-12-17,https://www.youtube.com/live/ArNsCpm1Hsg?t=4879,なし,
【歌枠】復活！？とてもとても久しぶりに歌ヲウカ✽【wouca : RK Music】#utawouca 04,S0483,,9,2025-12-17,https://www.youtube.com/live/ArNsCpm1Hsg?t=5068,なし,
【歌枠】復活！？とてもとても久しぶりに歌ヲウカ✽【wouca : RK Music】#utawouca 04,S0484,,10,2025-12-17,https://www.youtube.com/live/ArNsCpm1Hsg?t=5389,なし,
【歌枠】復活！？とてもとても久しぶりに歌ヲウカ✽【wouca : RK Music】#utawouca 04,S0485,,11,2025-12-17,https://www.youtube.com/live/ArNsCpm1Hsg?t=5769,なし,
【歌枠】復活！？とてもとても久しぶりに歌ヲウカ✽【wouca : RK Music】#utawouca 04,S0486,,12,2025-12-17,https://www.youtube.com/live/ArNsCpm1Hsg?t=6545,なし,
【歌枠】復活！？とてもとても久しぶりに歌ヲウカ✽【wouca : RK Music】#utawouca 04,S0491,,13,2025-12-17,https://www.youtube.com/live/ArNsCpm1Hsg?t=7128,なし,
【歌枠】復活！？とてもとても久しぶりに歌ヲウカ✽【wouca : RK Music】#utawouca 04,S0487,,14,2025-12-17,https://www.youtube.com/live/ArNsCpm1Hsg?t=7467,なし,
【歌枠】復活！？とてもとても久しぶりに歌ヲウカ✽【wouca : RK Music】#utawouca 04,S0488,,15,2025-12-17,https://www.youtube.com/live/ArNsCpm1Hsg?t=7730,なし,
【歌枠】復活！？とてもとても久しぶりに歌ヲウカ✽【wouca : RK Music】#utawouca 04,S0206,,16,2025-12-17,https://www.youtube.com/live/ArNsCpm1Hsg?t=7918,なし,
【歌枠】復活！？とてもとても久しぶりに歌ヲウカ✽【wouca : RK Music】#utawouca 04,S0131,,17,2025-12-17,https://www.youtube.com/live/ArNsCpm1Hsg?t=8725,なし,
【歌枠】復活！？とてもとても久しぶりに歌ヲウカ✽【wouca : RK Music】#utawouca 04,S0489,,18,2025-12-17,https://www.youtube.com/live/ArNsCpm1Hsg?t=9262,なし,
【歌枠】復活！？とてもとても久しぶりに歌ヲウカ✽【wouca : RK Music】#utawouca 04,S0359,,19,2025-12-17,https://www.youtube.com/live/ArNsCpm1Hsg?t=9904,なし,
【歌枠】復活！？とてもとても久しぶりに歌ヲウカ✽【wouca : RK Music】#utawouca 04,S0490,,20,2025-12-17,https://www.youtube.com/live/ArNsCpm1Hsg?t=10242,なし,
【歌枠】復活！？とてもとても久しぶりに歌ヲウカ✽【wouca : RK Music】#utawouca 04,S0178,,21,2025-12-17,https://www.youtube.com/live/ArNsCpm1Hsg?t=10733,なし,
【歌枠】復活！？とてもとても久しぶりに歌ヲウカ✽【wouca : RK Music】#utawouca 04,S0456,,22,2025-12-17,https://www.youtube.com/live/ArNsCpm1Hsg?t=11522,なし,
【歌枠】初LIVEの感想会と、ちょっこり歌ヲウカ✽【wouca : RK Music】#utawouca 05,S0456,,1,2025-12-20,https://www.youtube.com/live/MibaPU66iEk?t=658,なし,
【歌枠】初LIVEの感想会と、ちょっこり歌ヲウカ✽【wouca : RK Music】#utawouca 05,S0146,,2,2025-12-20,https://www.youtube.com/live/MibaPU66iEk?t=6345,なし,
【歌枠】初LIVEの感想会と、ちょっこり歌ヲウカ✽【wouca : RK Music】#utawouca 05,S0245,,3,2025-12-20,https://www.youtube.com/live/MibaPU66iEk?t=6835,なし,
【歌枠】初LIVEの感想会と、ちょっこり歌ヲウカ✽【wouca : RK Music】#utawouca 05,S0219,,4,2025-12-20,https://www.youtube.com/live/MibaPU66iEk?t=7221,なし,
【歌枠】初LIVEの感想会と、ちょっこり歌ヲウカ✽【wouca : RK Music】#utawouca 05,S0299,,5,2025-12-20,https://www.youtube.com/live/MibaPU66iEk?t=7599,なし,
【歌枠】初LIVEの感想会と、ちょっこり歌ヲウカ✽【wouca : RK Music】#utawouca 05,S0357,,6,2025-12-20,https://www.youtube.com/live/MibaPU66iEk?t=8218,なし,
【歌枠】初LIVEの感想会と、ちょっこり歌ヲウカ✽【wouca : RK Music】#utawouca 05,S0358,,7,2025-12-20,https://www.youtube.com/live/MibaPU66iEk?t=9040,なし,
【歌枠】初LIVEの感想会と、ちょっこり歌ヲウカ✽【wouca : RK Music】#utawouca 05,S0366,,8,2025-12-20,https://www.youtube.com/live/MibaPU66iEk?t=9502,なし,
【歌枠】初LIVEの感想会と、ちょっこり歌ヲウカ✽【wouca : RK Music】#utawouca 05,S0494,,9,2025-12-20,https://www.youtube.com/live/MibaPU66iEk?t=9760,なし,
【歌枠】初LIVEの感想会と、ちょっこり歌ヲウカ✽【wouca : RK Music】#utawouca 05,S0495,,10,2025-12-20,https://www.youtube.com/live/MibaPU66iEk?t=11144,なし,
【歌枠】初LIVEの感想会と、ちょっこり歌ヲウカ✽【wouca : RK Music】#utawouca 05,S0083,,11,2025-12-20,https://www.youtube.com/live/MibaPU66iEk?t=11306,なし,
【歌枠】初LIVEの感想会と、ちょっこり歌ヲウカ✽【wouca : RK Music】#utawouca 05,S0025,,12,2025-12-20,https://www.youtube.com/live/MibaPU66iEk?t=11557,なし,
【歌枠】初LIVEの感想会と、ちょっこり歌ヲウカ✽【wouca : RK Music】#utawouca 05,S0492,,13,2025-12-20,https://www.youtube.com/live/MibaPU66iEk?t=11936,なし,
【歌枠】初LIVEの感想会と、ちょっこり歌ヲウカ✽【wouca : RK Music】#utawouca 05,S0394,,14,2025-12-20,https://www.youtube.com/live/MibaPU66iEk?t=12410,なし,
【歌枠】初LIVEの感想会と、ちょっこり歌ヲウカ✽【wouca : RK Music】#utawouca 05,S0493,,15,2025-12-20,https://www.youtube.com/live/MibaPU66iEk?t=12847,なし,
【コラボ歌枠】冬夜に聴いて落ち着く音楽を❄初コラボはMEDA先輩【wouca / MEDA : RK Music】#をかめだ,S0496,,1,2025-12-21,https://www.youtube.com/live/_ZhfRobHpFg?t=228,MEDA,
【コラボ歌枠】冬夜に聴いて落ち着く音楽を❄初コラボはMEDA先輩【wouca / MEDA : RK Music】#をかめだ,S0275,,2,2025-12-21,https://www.youtube.com/live/_ZhfRobHpFg?t=1182,MEDA,
【コラボ歌枠】冬夜に聴いて落ち着く音楽を❄初コラボはMEDA先輩【wouca / MEDA : RK Music】#をかめだ,S0382,,3,2025-12-21,https://www.youtube.com/live/_ZhfRobHpFg?t=1456,MEDA,
【コラボ歌枠】冬夜に聴いて落ち着く音楽を❄初コラボはMEDA先輩【wouca / MEDA : RK Music】#をかめだ,S0497,,4,2025-12-21,https://www.youtube.com/live/_ZhfRobHpFg?t=2530,MEDA,
【コラボ歌枠】冬夜に聴いて落ち着く音楽を❄初コラボはMEDA先輩【wouca / MEDA : RK Music】#をかめだ,S0498,,5,2025-12-21,https://www.youtube.com/live/_ZhfRobHpFg?t=2792,MEDA,
【コラボ歌枠】冬夜に聴いて落ち着く音楽を❄初コラボはMEDA先輩【wouca / MEDA : RK Music】#をかめだ,S0287,,6,2025-12-21,https://www.youtube.com/live/_ZhfRobHpFg?t=4163,MEDA,
【コラボ歌枠】冬夜に聴いて落ち着く音楽を❄初コラボはMEDA先輩【wouca / MEDA : RK Music】#をかめだ,S0499,,7,2025-12-21,https://www.youtube.com/live/_ZhfRobHpFg?t=4488,MEDA,
【コラボ歌枠】冬夜に聴いて落ち着く音楽を❄初コラボはMEDA先輩【wouca / MEDA : RK Music】#をかめだ,S0466,,8,2025-12-21,https://www.youtube.com/live/_ZhfRobHpFg?t=5749,MEDA,
【コラボ歌枠】冬夜に聴いて落ち着く音楽を❄初コラボはMEDA先輩【wouca / MEDA : RK Music】#をかめだ,S0302,,9,2025-12-21,https://www.youtube.com/live/_ZhfRobHpFg?t=6086,MEDA,
【コラボ歌枠】冬夜に聴いて落ち着く音楽を❄初コラボはMEDA先輩【wouca / MEDA : RK Music】#をかめだ,S0474,,10,2025-12-21,https://www.youtube.com/live/_ZhfRobHpFg?t=6739,MEDA,
【コラボ歌枠】冬夜に聴いて落ち着く音楽を❄初コラボはMEDA先輩【wouca / MEDA : RK Music】#をかめだ,S0500,,11,2025-12-21,https://www.youtube.com/live/_ZhfRobHpFg?t=7751,MEDA,
【歌枠】祝・収益化🥂お祝いだ！歌ヲウ～～！【wouca : RK Music】#utawouca 06,S0467,,1,2025-12-22,https://www.youtube.com/live/EPOiXzXj0-Y?t=270,なし,
【歌枠】祝・収益化🥂お祝いだ！歌ヲウ～～！【wouca : RK Music】#utawouca 06,S0496,,2,2025-12-22,https://www.youtube.com/live/EPOiXzXj0-Y?t=482,なし,
【歌枠】祝・収益化🥂お祝いだ！歌ヲウ～～！【wouca : RK Music】#utawouca 06,S0388,,3,2025-12-22,https://www.youtube.com/live/EPOiXzXj0-Y?t=2403,なし,
【歌枠】祝・収益化🥂お祝いだ！歌ヲウ～～！【wouca : RK Music】#utawouca 06,S0147,,4,2025-12-22,https://www.youtube.com/live/EPOiXzXj0-Y?t=2661,なし,
【歌枠】祝・収益化🥂お祝いだ！歌ヲウ～～！【wouca : RK Music】#utawouca 06,S0022,,5,2025-12-22,https://www.youtube.com/live/EPOiXzXj0-Y?t=6219,なし,
【歌枠】祝・収益化🥂お祝いだ！歌ヲウ～～！【wouca : RK Music】#utawouca 06,S0023,,6,2025-12-22,https://www.youtube.com/live/EPOiXzXj0-Y?t=6399,なし,
【歌枠】祝・収益化🥂お祝いだ！歌ヲウ～～！【wouca : RK Music】#utawouca 06,S0501,,7,2025-12-22,https://www.youtube.com/live/EPOiXzXj0-Y?t=6850,なし,
【歌枠】祝・収益化🥂お祝いだ！歌ヲウ～～！【wouca : RK Music】#utawouca 06,S0459,,8,2025-12-22,https://www.youtube.com/live/EPOiXzXj0-Y?t=7306,なし,
【歌枠】祝・収益化🥂お祝いだ！歌ヲウ～～！【wouca : RK Music】#utawouca 06,S0457,,9,2025-12-22,https://www.youtube.com/live/EPOiXzXj0-Y?t=7588,なし,
【歌枠】祝・収益化🥂お祝いだ！歌ヲウ～～！【wouca : RK Music】#utawouca 06,S0502,,10,2025-12-22,https://www.youtube.com/live/EPOiXzXj0-Y?t=8458,なし,
【歌枠】祝・収益化🥂お祝いだ！歌ヲウ～～！【wouca : RK Music】#utawouca 06,S0499,,11,2025-12-22,https://www.youtube.com/live/EPOiXzXj0-Y?t=8815,なし,
【歌枠】みんなと初クリスマス、一緒に楽しまナイト✯【wouca : RK Music】#utawouca 07,S0503,,1,2025-12-23,https://www.youtube.com/live/n6x09xsNicc?t=346,なし,
【歌枠】みんなと初クリスマス、一緒に楽しまナイト✯【wouca : RK Music】#utawouca 07,S0475,,2,2025-12-23,https://www.youtube.com/live/n6x09xsNicc?t=726,なし,
【歌枠】みんなと初クリスマス、一緒に楽しまナイト✯【wouca : RK Music】#utawouca 07,S0504,,3,2025-12-23,https://www.youtube.com/live/n6x09xsNicc?t=1070,なし,
【歌枠】みんなと初クリスマス、一緒に楽しまナイト✯【wouca : RK Music】#utawouca 07,S0467,,4,2025-12-23,https://www.youtube.com/live/n6x09xsNicc?t=1489,なし,
【歌枠】みんなと初クリスマス、一緒に楽しまナイト✯【wouca : RK Music】#utawouca 07,S0500,,5,2025-12-23,https://www.youtube.com/live/n6x09xsNicc?t=1915,なし,
【歌枠】みんなと初クリスマス、一緒に楽しまナイト✯【wouca : RK Music】#utawouca 07,S0470,,6,2025-12-23,https://www.youtube.com/live/n6x09xsNicc?t=3884,なし,
【歌枠】みんなと初クリスマス、一緒に楽しまナイト✯【wouca : RK Music】#utawouca 07,S0505,,7,2025-12-23,https://www.youtube.com/live/n6x09xsNicc?t=5161,なし,
【歌枠】みんなと初クリスマス、一緒に楽しまナイト✯【wouca : RK Music】#utawouca 07,S0506,,8,2025-12-23,https://www.youtube.com/live/n6x09xsNicc?t=5215,なし,
【歌枠】みんなと初クリスマス、一緒に楽しまナイト✯【wouca : RK Music】#utawouca 07,S0507,,9,2025-12-23,https://www.youtube.com/live/n6x09xsNicc?t=5295,なし,
【歌枠】みんなと初クリスマス、一緒に楽しまナイト✯【wouca : RK Music】#utawouca 07,S0508,,10,2025-12-23,https://www.youtube.com/live/n6x09xsNicc?t=5400,なし,
【歌枠】みんなと初クリスマス、一緒に楽しまナイト✯【wouca : RK Music】#utawouca 07,S0509,,11,2025-12-23,https://www.youtube.com/live/n6x09xsNicc?t=5525,なし,
【歌枠】みんなと初クリスマス、一緒に楽しまナイト✯【wouca : RK Music】#utawouca 07,S0469,,12,2025-12-23,https://www.youtube.com/live/n6x09xsNicc?t=5719,なし,
【歌枠】みんなと初クリスマス、一緒に楽しまナイト✯【wouca : RK Music】#utawouca 07,S0382,,13,2025-12-23,https://www.youtube.com/live/n6x09xsNicc?t=6045,なし,
【歌枠】みんなと初クリスマス、一緒に楽しまナイト✯【wouca : RK Music】#utawouca 07,S0465,,14,2025-12-23,https://www.youtube.com/live/n6x09xsNicc?t=6385,なし,
【歌枠】みんなと初クリスマス、一緒に楽しまナイト✯【wouca : RK Music】#utawouca 07,S0511,,15,2025-12-23,https://www.youtube.com/live/n6x09xsNicc?t=7597,なし,
【歌枠】みんなと初クリスマス、一緒に楽しまナイト✯【wouca : RK Music】#utawouca 07,S0302,,16,2025-12-23,https://www.youtube.com/live/n6x09xsNicc?t=8244,なし,
【歌枠】みんなと初クリスマス、一緒に楽しまナイト✯【wouca : RK Music】#utawouca 07,S0466,,17,2025-12-23,https://www.youtube.com/live/n6x09xsNicc?t=8602,なし,
【歌枠】みんなと初クリスマス、一緒に楽しまナイト✯【wouca : RK Music】#utawouca 07,S0499,,18,2025-12-23,https://www.youtube.com/live/n6x09xsNicc?t=9358,なし,
【歌枠】みんなと初クリスマス、一緒に楽しまナイト✯【wouca : RK Music】#utawouca 07,S0468,,19,2025-12-23,https://www.youtube.com/live/n6x09xsNicc?t=9713,なし,
【歌枠】みんなと初クリスマス、一緒に楽しまナイト✯【wouca : RK Music】#utawouca 07,S0512,,20,2025-12-23,https://www.youtube.com/live/n6x09xsNicc?t=11005,なし,
【歌枠】みんなと初クリスマス、一緒に楽しまナイト✯【wouca : RK Music】#utawouca 07,S0497,,21,2025-12-23,https://www.youtube.com/live/n6x09xsNicc?t=11320,なし,
【歌枠】みんなと初クリスマス、一緒に楽しまナイト✯【wouca : RK Music】#utawouca 07,S0513,,22,2025-12-23,https://www.youtube.com/live/n6x09xsNicc?t=11646,なし,
【歌枠】みんなと初クリスマス、一緒に楽しまナイト✯【wouca : RK Music】#utawouca 07,S0390,,23,2025-12-23,https://www.youtube.com/live/n6x09xsNicc?t=12659,なし,
【歌枠】みんなと初クリスマス、一緒に楽しまナイト✯【wouca : RK Music】#utawouca 07,S0275,,24,2025-12-23,https://www.youtube.com/live/n6x09xsNicc?t=12897,なし,
【歌枠】みんなと初クリスマス、一緒に楽しまナイト✯【wouca : RK Music】#utawouca 07,S0514,,25,2025-12-23,https://www.youtube.com/live/n6x09xsNicc?t=13222,なし,
【歌枠】みんなと初クリスマス、一緒に楽しまナイト✯【wouca : RK Music】#utawouca 07,S0515,,26,2025-12-23,https://www.youtube.com/live/n6x09xsNicc?t=13555,なし,
【歌枠】8200人を目指してたっぷ～り歌ウ耐久✲【wouca : RK Music】#utawouca 08 / #shorts #vtuber #vsinger,S0065,,1,2025-12-26,https://www.youtube.com/live/4XeC9DY3TSw?t=7,なし,
【歌枠】8200人を目指してたっぷ～り歌ウ耐久✲【wouca : RK Music】#utawouca 08 / #shorts #vtuber #vsinger,S0196,,2,2025-12-26,https://www.youtube.com/live/4XeC9DY3TSw?t=329,なし,
【歌枠】8200人を目指してたっぷ～り歌ウ耐久✲【wouca : RK Music】#utawouca 08 / #shorts #vtuber #vsinger,S0261,,3,2025-12-26,https://www.youtube.com/live/4XeC9DY3TSw?t=666,なし,
【歌枠】8200人を目指してたっぷ～り歌ウ耐久✲【wouca : RK Music】#utawouca 08 / #shorts #vtuber #vsinger,S0516,,4,2025-12-26,https://www.youtube.com/live/4XeC9DY3TSw?t=1096,なし,
【歌枠】8200人を目指してたっぷ～り歌ウ耐久✲【wouca : RK Music】#utawouca 08 / #shorts #vtuber #vsinger,S0026,,5,2025-12-26,https://www.youtube.com/live/4XeC9DY3TSw?t=1466,なし,
【歌枠】8200人を目指してたっぷ～り歌ウ耐久✲【wouca : RK Music】#utawouca 08 / #shorts #vtuber #vsinger,S0517,,6,2025-12-26,https://www.youtube.com/live/4XeC9DY3TSw?t=2045,なし,
【歌枠】8200人を目指してたっぷ～り歌ウ耐久✲【wouca : RK Music】#utawouca 08 / #shorts #vtuber #vsinger,S0073,,7,2025-12-26,https://www.youtube.com/live/4XeC9DY3TSw?t=2541,なし,
【歌枠】8200人を目指してたっぷ～り歌ウ耐久✲【wouca : RK Music】#utawouca 08 / #shorts #vtuber #vsinger,S0518,,8,2025-12-26,https://www.youtube.com/live/4XeC9DY3TSw?t=3295,なし,
【歌枠】8200人を目指してたっぷ～り歌ウ耐久✲【wouca : RK Music】#utawouca 08 / #shorts #vtuber #vsinger,S0519,,9,2025-12-26,https://www.youtube.com/live/4XeC9DY3TSw?t=3706,なし,
【歌枠】8200人を目指してたっぷ～り歌ウ耐久✲【wouca : RK Music】#utawouca 08 / #shorts #vtuber #vsinger,S0160,,10,2025-12-26,https://www.youtube.com/live/4XeC9DY3TSw?t=3914,なし,
【歌枠】8200人を目指してたっぷ～り歌ウ耐久✲【wouca : RK Music】#utawouca 08 / #shorts #vtuber #vsinger,S0413,,11,2025-12-26,https://www.youtube.com/live/4XeC9DY3TSw?t=4557,なし,
【歌枠】8200人を目指してたっぷ～り歌ウ耐久✲【wouca : RK Music】#utawouca 08 / #shorts #vtuber #vsinger,S0097,,12,2025-12-26,https://www.youtube.com/live/4XeC9DY3TSw?t=4846,なし,
【歌枠】8200人を目指してたっぷ～り歌ウ耐久✲【wouca : RK Music】#utawouca 08 / #shorts #vtuber #vsinger,S0520,,13,2025-12-26,https://www.youtube.com/live/4XeC9DY3TSw?t=6204,なし,
【歌枠】8200人を目指してたっぷ～り歌ウ耐久✲【wouca : RK Music】#utawouca 08 / #shorts #vtuber #vsinger,S0312,,14,2025-12-26,https://www.youtube.com/live/4XeC9DY3TSw?t=6798,なし,
【歌枠】8200人を目指してたっぷ～り歌ウ耐久✲【wouca : RK Music】#utawouca 08 / #shorts #vtuber #vsinger,S0054,,15,2025-12-26,https://www.youtube.com/live/4XeC9DY3TSw?t=7329,なし,
【歌枠】8200人を目指してたっぷ～り歌ウ耐久✲【wouca : RK Music】#utawouca 08 / #shorts #vtuber #vsinger,S0521,,16,2025-12-26,https://www.youtube.com/live/4XeC9DY3TSw?t=7899,なし,
【歌枠】8200人を目指してたっぷ～り歌ウ耐久✲【wouca : RK Music】#utawouca 08 / #shorts #vtuber #vsinger,S0522,,17,2025-12-26,https://www.youtube.com/live/4XeC9DY3TSw?t=8427,なし,
【歌枠】8200人を目指してたっぷ～り歌ウ耐久✲【wouca : RK Music】#utawouca 08 / #shorts #vtuber #vsinger,S0300,,18,2025-12-26,https://www.youtube.com/live/4XeC9DY3TSw?t=8725,なし,
【歌枠】8200人を目指してたっぷ～り歌ウ耐久✲【wouca : RK Music】#utawouca 08 / #shorts #vtuber #vsinger,S0523,,19,2025-12-26,https://www.youtube.com/live/4XeC9DY3TSw?t=9392,なし,
【歌枠】8200人を目指してたっぷ～り歌ウ耐久✲【wouca : RK Music】#utawouca 08 / #shorts #vtuber #vsinger,S0524,,20,2025-12-26,https://www.youtube.com/live/4XeC9DY3TSw?t=9876,なし,
【歌枠】8200人を目指してたっぷ～り歌ウ耐久✲【wouca : RK Music】#utawouca 08 / #shorts #vtuber #vsinger,S0525,,21,2025-12-26,https://www.youtube.com/live/4XeC9DY3TSw?t=10646,なし,
【歌枠】8200人を目指してたっぷ～り歌ウ耐久✲【wouca : RK Music】#utawouca 08 / #shorts #vtuber #vsinger,S0526,,22,2025-12-26,https://www.youtube.com/live/4XeC9DY3TSw?t=11831,なし,
【歌枠】8200人を目指してたっぷ～り歌ウ耐久✲【wouca : RK Music】#utawouca 08 / #shorts #vtuber #vsinger,S0527,,23,2025-12-26,https://www.youtube.com/live/4XeC9DY3TSw?t=12223,なし,
【歌枠】8200人を目指してたっぷ～り歌ウ耐久✲【wouca : RK Music】#utawouca 08 / #shorts #vtuber #vsinger,S0528,,24,2025-12-26,https://www.youtube.com/live/4XeC9DY3TSw?t=12562,なし,
【歌枠】8200人を目指してたっぷ～り歌ウ耐久✲【wouca : RK Music】#utawouca 08 / #shorts #vtuber #vsinger,S0529,,25,2025-12-26,https://www.youtube.com/live/4XeC9DY3TSw?t=12905,なし,
【歌枠】8200人を目指してたっぷ～り歌ウ耐久✲【wouca : RK Music】#utawouca 08 / #shorts #vtuber #vsinger,S0050,,26,2025-12-26,https://www.youtube.com/live/4XeC9DY3TSw?t=13232,なし,
【歌枠】8200人を目指してたっぷ～り歌ウ耐久✲【wouca : RK Music】#utawouca 08 / #shorts #vtuber #vsinger,S0464,,27,2025-12-26,https://www.youtube.com/live/4XeC9DY3TSw?t=13484,なし,
【歌枠】8200人を目指してたっぷ～り歌ウ耐久✲【wouca : RK Music】#utawouca 08 / #shorts #vtuber #vsinger,S0456,,28,2025-12-26,https://www.youtube.com/live/4XeC9DY3TSw?t=14015,なし,
【歌枠】祝・メンバーシップ解禁🥂感謝を歌ヲウ✽【wouca : RK Music】#utawouca 09,S0530,,1,2025-12-27,https://www.youtube.com/live/xTKfkbApPQg?t=312,なし,
【歌枠】祝・メンバーシップ解禁🥂感謝を歌ヲウ✽【wouca : RK Music】#utawouca 09,S0530,,2,2025-12-27,https://www.youtube.com/live/xTKfkbApPQg?t=1393,なし,
【歌枠】祝・メンバーシップ解禁🥂感謝を歌ヲウ✽【wouca : RK Music】#utawouca 09,S0431,,3,2025-12-27,https://www.youtube.com/live/xTKfkbApPQg?t=2391,なし,
【歌枠】祝・メンバーシップ解禁🥂感謝を歌ヲウ✽【wouca : RK Music】#utawouca 09,S0532,,4,2025-12-27,https://www.youtube.com/live/xTKfkbApPQg?t=2679,なし,
【歌枠】祝・メンバーシップ解禁🥂感謝を歌ヲウ✽【wouca : RK Music】#utawouca 09,S0533,,5,2025-12-27,https://www.youtube.com/live/xTKfkbApPQg?t=3532,なし,
【歌枠】祝・メンバーシップ解禁🥂感謝を歌ヲウ✽【wouca : RK Music】#utawouca 09,S0229,,6,2025-12-27,https://www.youtube.com/live/xTKfkbApPQg?t=4043,なし,
【歌枠】祝・メンバーシップ解禁🥂感謝を歌ヲウ✽【wouca : RK Music】#utawouca 09,S0534,,7,2025-12-27,https://www.youtube.com/live/xTKfkbApPQg?t=4643,なし,
【歌枠】祝・メンバーシップ解禁🥂感謝を歌ヲウ✽【wouca : RK Music】#utawouca 09,S0535,,8,2025-12-27,https://www.youtube.com/live/xTKfkbApPQg?t=5213,なし,
【歌枠】祝・メンバーシップ解禁🥂感謝を歌ヲウ✽【wouca : RK Music】#utawouca 09,S0536,,9,2025-12-27,https://www.youtube.com/live/xTKfkbApPQg?t=5644,なし,
【歌枠】祝・メンバーシップ解禁🥂感謝を歌ヲウ✽【wouca : RK Music】#utawouca 09,S0537,,10,2025-12-27,https://www.youtube.com/live/xTKfkbApPQg?t=5930,なし,
【歌枠】祝・メンバーシップ解禁🥂感謝を歌ヲウ✽【wouca : RK Music】#utawouca 09,S0538,,11,2025-12-27,https://www.youtube.com/live/xTKfkbApPQg?t=6371,なし,
【歌枠】祝・メンバーシップ解禁🥂感謝を歌ヲウ✽【wouca : RK Music】#utawouca 09,S0003,,12,2025-12-27,https://www.youtube.com/live/xTKfkbApPQg?t=7009,なし,
【歌枠】祝・メンバーシップ解禁🥂感謝を歌ヲウ✽【wouca : RK Music】#utawouca 09,S0539,,13,2025-12-27,https://www.youtube.com/live/xTKfkbApPQg?t=7414,なし,
【歌枠】祝・メンバーシップ解禁🥂感謝を歌ヲウ✽【wouca : RK Music】#utawouca 09,S0317,,14,2025-12-27,https://www.youtube.com/live/xTKfkbApPQg?t=7809,なし,
【歌枠】祝・メンバーシップ解禁🥂感謝を歌ヲウ✽【wouca : RK Music】#utawouca 09,S0415,,15,2025-12-27,https://www.youtube.com/live/xTKfkbApPQg?t=8610,なし,
【歌枠】祝・メンバーシップ解禁🥂感謝を歌ヲウ✽【wouca : RK Music】#utawouca 09,S0540,,16,2025-12-27,https://www.youtube.com/live/xTKfkbApPQg?t=9602,なし,
【歌枠】祝・メンバーシップ解禁🥂感謝を歌ヲウ✽【wouca : RK Music】#utawouca 09,S0209,,17,2025-12-27,https://www.youtube.com/live/xTKfkbApPQg?t=10223,なし,
【歌枠】祝・メンバーシップ解禁🥂感謝を歌ヲウ✽【wouca : RK Music】#utawouca 09,S0541,,18,2025-12-27,https://www.youtube.com/live/xTKfkbApPQg?t=11330,なし,
【歌枠】祝・メンバーシップ解禁🥂感謝を歌ヲウ✽【wouca : RK Music】#utawouca 09,S0023,,19,2025-12-27,https://www.youtube.com/live/xTKfkbApPQg?t=11583,なし,
【歌枠】祝・メンバーシップ解禁🥂感謝を歌ヲウ✽【wouca : RK Music】#utawouca 09,S0217,,20,2025-12-27,https://www.youtube.com/live/xTKfkbApPQg?t=12627,なし,
【歌枠】祝・メンバーシップ解禁🥂感謝を歌ヲウ✽【wouca : RK Music】#utawouca 09,S0456,,21,2025-12-27,https://www.youtube.com/live/xTKfkbApPQg?t=12931,なし,
【歌枠】みんなと年越したいヲウカ✽ 2025→2026【wouca : RK Music】#utawouca 10,S0542,,1,2025-12-29,https://www.youtube.com/live/zVj5olcjqCw?t=312,なし,
【歌枠】みんなと年越したいヲウカ✽ 2025→2026【wouca : RK Music】#utawouca 10,S0458,,2,2025-12-29,https://www.youtube.com/live/zVj5olcjqCw?t=750,なし,
【歌枠】みんなと年越したいヲウカ✽ 2025→2026【wouca : RK Music】#utawouca 10,S0543,,3,2025-12-29,https://www.youtube.com/live/zVj5olcjqCw?t=1292,なし,
【歌枠】みんなと年越したいヲウカ✽ 2025→2026【wouca : RK Music】#utawouca 10,S0544,,4,2025-12-29,https://www.youtube.com/live/zVj5olcjqCw?t=1988,なし,
【歌枠】みんなと年越したいヲウカ✽ 2025→2026【wouca : RK Music】#utawouca 10,S0545,,5,2025-12-29,https://www.youtube.com/live/zVj5olcjqCw?t=2469,なし,
【歌枠】みんなと年越したいヲウカ✽ 2025→2026【wouca : RK Music】#utawouca 10,S0546,,6,2025-12-29,https://www.youtube.com/live/zVj5olcjqCw?t=2924,なし,
【歌枠】みんなと年越したいヲウカ✽ 2025→2026【wouca : RK Music】#utawouca 10,S0547,,7,2025-12-29,https://www.youtube.com/live/zVj5olcjqCw?t=3240,なし,
【歌枠】みんなと年越したいヲウカ✽ 2025→2026【wouca : RK Music】#utawouca 10,S0548,,8,2025-12-29,https://www.youtube.com/live/zVj5olcjqCw?t=3836,なし,
【歌枠】みんなと年越したいヲウカ✽ 2025→2026【wouca : RK Music】#utawouca 10,S0549,,9,2025-12-29,https://www.youtube.com/live/zVj5olcjqCw?t=4416,なし,
【歌枠】みんなと年越したいヲウカ✽ 2025→2026【wouca : RK Music】#utawouca 10,S0550,,10,2025-12-29,https://www.youtube.com/live/zVj5olcjqCw?t=4596,なし,
【歌枠】みんなと年越したいヲウカ✽ 2025→2026【wouca : RK Music】#utawouca 10,S0551,,11,2025-12-29,https://www.youtube.com/live/zVj5olcjqCw?t=5380,なし,
【歌枠】みんなと年越したいヲウカ✽ 2025→2026【wouca : RK Music】#utawouca 10,S0552,,12,2025-12-29,https://www.youtube.com/live/zVj5olcjqCw?t=5687,なし,
【歌枠】みんなと年越したいヲウカ✽ 2025→2026【wouca : RK Music】#utawouca 10,S0553,,13,2025-12-29,https://www.youtube.com/live/zVj5olcjqCw?t=6078,なし,
【歌枠】みんなと年越したいヲウカ✽ 2025→2026【wouca : RK Music】#utawouca 10,S0554,,14,2025-12-29,https://www.youtube.com/live/zVj5olcjqCw?t=6344,なし,
【歌枠】みんなと年越したいヲウカ✽ 2025→2026【wouca : RK Music】#utawouca 10,S0560,,15,2025-12-29,https://www.youtube.com/live/zVj5olcjqCw?t=6714,なし,
【歌枠】みんなと年越したいヲウカ✽ 2025→2026【wouca : RK Music】#utawouca 10,S0012,,16,2025-12-29,https://www.youtube.com/live/zVj5olcjqCw?t=6910,なし,
【歌枠】みんなと年越したいヲウカ✽ 2025→2026【wouca : RK Music】#utawouca 10,S0456,,17,2025-12-29,https://www.youtube.com/live/zVj5olcjqCw?t=7222,なし,
【歌枠】みんなと年越したいヲウカ✽ 2025→2026【wouca : RK Music】#utawouca 10,S0010,,18,2025-12-29,https://www.youtube.com/live/zVj5olcjqCw?t=8392,なし,
【歌枠】みんなと年越したいヲウカ✽ 2025→2026【wouca : RK Music】#utawouca 10,S0555,,19,2025-12-29,https://www.youtube.com/live/zVj5olcjqCw?t=8837,なし,
【歌枠】みんなと年越したいヲウカ✽ 2025→2026【wouca : RK Music】#utawouca 10,S0462,,20,2025-12-29,https://www.youtube.com/live/zVj5olcjqCw?t=9093,なし,
【歌枠】みんなと年越したいヲウカ✽ 2025→2026【wouca : RK Music】#utawouca 10,S0461,,21,2025-12-29,https://www.youtube.com/live/zVj5olcjqCw?t=10092,なし,
【歌枠】みんなと年越したいヲウカ✽ 2025→2026【wouca : RK Music】#utawouca 10,S0556,,22,2025-12-29,https://www.youtube.com/live/zVj5olcjqCw?t=11014,なし,
【歌枠】みんなと年越したいヲウカ✽ 2025→2026【wouca : RK Music】#utawouca 10,S0561,,23,2025-12-29,https://www.youtube.com/live/zVj5olcjqCw?t=11304,なし,
【歌枠】みんなと年越したいヲウカ✽ 2025→2026【wouca : RK Music】#utawouca 10,S0079,,24,2025-12-29,https://www.youtube.com/live/zVj5olcjqCw?t=12494,なし,
【歌枠】みんなと年越したいヲウカ✽ 2025→2026【wouca : RK Music】#utawouca 10,S0557,,25,2025-12-29,https://www.youtube.com/live/zVj5olcjqCw?t=12813,なし,
【歌枠】みんなと年越したいヲウカ✽ 2025→2026【wouca : RK Music】#utawouca 10,S0346,,26,2025-12-29,https://www.youtube.com/live/zVj5olcjqCw?t=13104,なし,
【歌枠】みんなと年越したいヲウカ✽ 2025→2026【wouca : RK Music】#utawouca 10,S0473,,27,2025-12-29,https://www.youtube.com/live/zVj5olcjqCw?t=13525,なし,
【歌枠】みんなと年越したいヲウカ✽ 2025→2026【wouca : RK Music】#utawouca 10,S0558,,28,2025-12-29,https://www.youtube.com/live/zVj5olcjqCw?t=13780,なし,
【歌枠】みんなと年越したいヲウカ✽ 2025→2026【wouca : RK Music】#utawouca 10,S0474,,29,2025-12-29,https://www.youtube.com/live/zVj5olcjqCw?t=14141,なし,
【歌枠】みんなと年越したいヲウカ✽ 2025→2026【wouca : RK Music】#utawouca 10,S0559,,30,2025-12-29,https://www.youtube.com/live/zVj5olcjqCw?t=14810,なし,
【歌枠】2026年、新年もたくさん歌ヲウ✽リクエスト◎【wouca : RK Music】#utawouca 11,S0089,,1,2025-12-30,https://www.youtube.com/live/jdvNZWgfvsk?t=225,なし,
【歌枠】2026年、新年もたくさん歌ヲウ✽リクエスト◎【wouca : RK Music】#utawouca 11,S0562,,2,2025-12-30,https://www.youtube.com/live/jdvNZWgfvsk?t=639,なし,
【歌枠】2026年、新年もたくさん歌ヲウ✽リクエスト◎【wouca : RK Music】#utawouca 11,S0563,,3,2025-12-30,https://www.youtube.com/live/jdvNZWgfvsk?t=1357,なし,
【歌枠】2026年、新年もたくさん歌ヲウ✽リクエスト◎【wouca : RK Music】#utawouca 11,S0564,,4,2025-12-30,https://www.youtube.com/live/jdvNZWgfvsk?t=1698,なし,
【歌枠】2026年、新年もたくさん歌ヲウ✽リクエスト◎【wouca : RK Music】#utawouca 11,S0192,,5,2025-12-30,https://www.youtube.com/live/jdvNZWgfvsk?t=2004,なし,
【歌枠】2026年、新年もたくさん歌ヲウ✽リクエスト◎【wouca : RK Music】#utawouca 11,S0236,,6,2025-12-30,https://www.youtube.com/live/jdvNZWgfvsk?t=2332,なし,
【歌枠】2026年、新年もたくさん歌ヲウ✽リクエスト◎【wouca : RK Music】#utawouca 11,S0025,,7,2025-12-30,https://www.youtube.com/live/jdvNZWgfvsk?t=3630,なし,
【歌枠】2026年、新年もたくさん歌ヲウ✽リクエスト◎【wouca : RK Music】#utawouca 11,S0565,,8,2025-12-30,https://www.youtube.com/live/jdvNZWgfvsk?t=4017,なし,
【歌枠】2026年、新年もたくさん歌ヲウ✽リクエスト◎【wouca : RK Music】#utawouca 11,S0566,,9,2025-12-30,https://www.youtube.com/live/jdvNZWgfvsk?t=4137,なし,
【歌枠】2026年、新年もたくさん歌ヲウ✽リクエスト◎【wouca : RK Music】#utawouca 11,S0013,,10,2025-12-30,https://www.youtube.com/live/jdvNZWgfvsk?t=4741,なし,
【歌枠】2026年、新年もたくさん歌ヲウ✽リクエスト◎【wouca : RK Music】#utawouca 11,S0567,,11,2025-12-30,https://www.youtube.com/live/jdvNZWgfvsk?t=5075,なし,
【歌枠】2026年、新年もたくさん歌ヲウ✽リクエスト◎【wouca : RK Music】#utawouca 11,S0568,,12,2025-12-30,https://www.youtube.com/live/jdvNZWgfvsk?t=5581,なし,
【歌枠】2026年、新年もたくさん歌ヲウ✽リクエスト◎【wouca : RK Music】#utawouca 11,S0483,,13,2025-12-30,https://www.youtube.com/live/jdvNZWgfvsk?t=6080,なし,
【歌枠】2026年、新年もたくさん歌ヲウ✽リクエスト◎【wouca : RK Music】#utawouca 11,S0364,,14,2025-12-30,https://www.youtube.com/live/jdvNZWgfvsk?t=6790,なし,
【歌枠】2026年、新年もたくさん歌ヲウ✽リクエスト◎【wouca : RK Music】#utawouca 11,S0358,,15,2025-12-30,https://www.youtube.com/live/jdvNZWgfvsk?t=7144,なし,
【歌枠】お疲れ月曜日。ジブリ歌枠しよウカ✽【wouca : RK Music】#utawouca 12,S0569,,1,2026-01-04,https://www.youtube.com/live/-k_OqnwsE5Q?t=264,なし,
【歌枠】お疲れ月曜日。ジブリ歌枠しよウカ✽【wouca : RK Music】#utawouca 12,S0334,,2,2026-01-04,https://www.youtube.com/live/-k_OqnwsE5Q?t=731,なし,
【歌枠】お疲れ月曜日。ジブリ歌枠しよウカ✽【wouca : RK Music】#utawouca 12,S0570,,3,2026-01-04,https://www.youtube.com/live/-k_OqnwsE5Q?t=2189,なし,
【歌枠】お疲れ月曜日。ジブリ歌枠しよウカ✽【wouca : RK Music】#utawouca 12,S0571,,4,2026-01-04,https://www.youtube.com/live/-k_OqnwsE5Q?t=2341,なし,
【歌枠】お疲れ月曜日。ジブリ歌枠しよウカ✽【wouca : RK Music】#utawouca 12,S0572,,5,2026-01-04,https://www.youtube.com/live/-k_OqnwsE5Q?t=2661,なし,
【歌枠】お疲れ月曜日。ジブリ歌枠しよウカ✽【wouca : RK Music】#utawouca 12,S0140,,6,2026-01-04,https://www.youtube.com/live/-k_OqnwsE5Q?t=3002,なし,
【歌枠】お疲れ月曜日。ジブリ歌枠しよウカ✽【wouca : RK Music】#utawouca 12,S0573,,7,2026-01-04,https://www.youtube.com/live/-k_OqnwsE5Q?t=3759,なし,
【歌枠】お疲れ月曜日。ジブリ歌枠しよウカ✽【wouca : RK Music】#utawouca 12,S0574,,8,2026-01-04,https://www.youtube.com/live/-k_OqnwsE5Q?t=4282,なし,
【歌枠】お疲れ月曜日。ジブリ歌枠しよウカ✽【wouca : RK Music】#utawouca 12,S0575,,9,2026-01-04,https://www.youtube.com/live/-k_OqnwsE5Q?t=4599,なし,
【歌枠】お疲れ月曜日。ジブリ歌枠しよウカ✽【wouca : RK Music】#utawouca 12,S0576,,10,2026-01-04,https://www.youtube.com/live/-k_OqnwsE5Q?t=6103,なし,
【歌枠】お疲れ月曜日。ジブリ歌枠しよウカ✽【wouca : RK Music】#utawouca 12,S0577,,11,2026-01-04,https://www.youtube.com/live/-k_OqnwsE5Q?t=6526,なし,
【歌枠】お疲れ月曜日。ジブリ歌枠しよウカ✽【wouca : RK Music】#utawouca 12,S0578,,12,2026-01-04,https://www.youtube.com/live/-k_OqnwsE5Q?t=6936,なし,
【歌枠】お疲れ月曜日。ジブリ歌枠しよウカ✽【wouca : RK Music】#utawouca 12,S0579,,13,2026-01-04,https://www.youtube.com/live/-k_OqnwsE5Q?t=7144,なし,
【歌枠】お疲れ月曜日。ジブリ歌枠しよウカ✽【wouca : RK Music】#utawouca 12,S0443,,14,2026-01-04,https://www.youtube.com/live/-k_OqnwsE5Q?t=7613,なし,
【歌枠】お疲れ月曜日。ジブリ歌枠しよウカ✽【wouca : RK Music】#utawouca 12,S0525,,15,2026-01-04,https://www.youtube.com/live/-k_OqnwsE5Q?t=7904,なし,
【歌枠】お疲れ月曜日。ジブリ歌枠しよウカ✽【wouca : RK Music】#utawouca 12,S0580,,16,2026-01-04,https://www.youtube.com/live/-k_OqnwsE5Q?t=8406,なし,
【歌枠】9000人達成感謝🥂嬉しいので明るめな曲を歌ヲウカ✽【wouca : RK Music】#utawouca 13 / #shorts #vtuber #vsinger,S0581,,1,2026-01-06,https://www.youtube.com/live/TPq9CplcQdI?t=34,なし,
【歌枠】9000人達成感謝🥂嬉しいので明るめな曲を歌ヲウカ✽【wouca : RK Music】#utawouca 13 / #shorts #vtuber #vsinger,S0582,,2,2026-01-06,https://www.youtube.com/live/TPq9CplcQdI?t=541,なし,
【歌枠】9000人達成感謝🥂嬉しいので明るめな曲を歌ヲウカ✽【wouca : RK Music】#utawouca 13 / #shorts #vtuber #vsinger,S0583,,3,2026-01-06,https://www.youtube.com/live/TPq9CplcQdI?t=852,なし,
【歌枠】9000人達成感謝🥂嬉しいので明るめな曲を歌ヲウカ✽【wouca : RK Music】#utawouca 13 / #shorts #vtuber #vsinger,S0584,,4,2026-01-06,https://www.youtube.com/live/TPq9CplcQdI?t=1324,なし,
【歌枠】9000人達成感謝🥂嬉しいので明るめな曲を歌ヲウカ✽【wouca : RK Music】#utawouca 13 / #shorts #vtuber #vsinger,S0585,,5,2026-01-06,https://www.youtube.com/live/TPq9CplcQdI?t=1699,なし,
【歌枠】9000人達成感謝🥂嬉しいので明るめな曲を歌ヲウカ✽【wouca : RK Music】#utawouca 13 / #shorts #vtuber #vsinger,S0586,,6,2026-01-06,https://www.youtube.com/live/TPq9CplcQdI?t=2311,なし,
【歌枠】9000人達成感謝🥂嬉しいので明るめな曲を歌ヲウカ✽【wouca : RK Music】#utawouca 13 / #shorts #vtuber #vsinger,S0477,,7,2026-01-06,https://www.youtube.com/live/TPq9CplcQdI?t=2954,なし,
【歌枠】9000人達成感謝🥂嬉しいので明るめな曲を歌ヲウカ✽【wouca : RK Music】#utawouca 13 / #shorts #vtuber #vsinger,S0587,,8,2026-01-06,https://www.youtube.com/live/TPq9CplcQdI?t=3287,なし,
【歌枠】9000人達成感謝🥂嬉しいので明るめな曲を歌ヲウカ✽【wouca : RK Music】#utawouca 13 / #shorts #vtuber #vsinger,S0588,,9,2026-01-06,https://www.youtube.com/live/TPq9CplcQdI?t=3576,なし,
【歌枠】9000人達成感謝🥂嬉しいので明るめな曲を歌ヲウカ✽【wouca : RK Music】#utawouca 13 / #shorts #vtuber #vsinger,S0589,,10,2026-01-06,https://www.youtube.com/live/TPq9CplcQdI?t=3827,なし,
【歌枠】9000人達成感謝🥂嬉しいので明るめな曲を歌ヲウカ✽【wouca : RK Music】#utawouca 13 / #shorts #vtuber #vsinger,S0030,,11,2026-01-06,https://www.youtube.com/live/TPq9CplcQdI?t=4804,なし,
【歌枠】9000人達成感謝🥂嬉しいので明るめな曲を歌ヲウカ✽【wouca : RK Music】#utawouca 13 / #shorts #vtuber #vsinger,S0217,,12,2026-01-06,https://www.youtube.com/live/TPq9CplcQdI?t=4962,なし,
【歌枠】9000人達成感謝🥂嬉しいので明るめな曲を歌ヲウカ✽【wouca : RK Music】#utawouca 13 / #shorts #vtuber #vsinger,S0590,,13,2026-01-06,https://www.youtube.com/live/TPq9CplcQdI?t=5170,なし,
【歌枠】9000人達成感謝🥂嬉しいので明るめな曲を歌ヲウカ✽【wouca : RK Music】#utawouca 13 / #shorts #vtuber #vsinger,S0591,,14,2026-01-06,https://www.youtube.com/live/TPq9CplcQdI?t=5811,なし,
【歌枠】9000人達成感謝🥂嬉しいので明るめな曲を歌ヲウカ✽【wouca : RK Music】#utawouca 13 / #shorts #vtuber #vsinger,S0592,,15,2026-01-06,https://www.youtube.com/live/TPq9CplcQdI?t=6182,なし,
【歌枠】あったかい気持ちになれる曲を歌ヲウカ✽【wouca : RK Music】#utawouca 14 / #shorts #vtuber #vsinger,S0193,,1,2026-01-07,https://www.youtube.com/live/Tfuvlbm8oLU?t=63,なし,
【歌枠】あったかい気持ちになれる曲を歌ヲウカ✽【wouca : RK Music】#utawouca 14 / #shorts #vtuber #vsinger,S0593,,2,2026-01-07,https://www.youtube.com/live/Tfuvlbm8oLU?t=745,なし,
【歌枠】あったかい気持ちになれる曲を歌ヲウカ✽【wouca : RK Music】#utawouca 14 / #shorts #vtuber #vsinger,S0594,,3,2026-01-07,https://www.youtube.com/live/Tfuvlbm8oLU?t=1080,なし,
【歌枠】あったかい気持ちになれる曲を歌ヲウカ✽【wouca : RK Music】#utawouca 14 / #shorts #vtuber #vsinger,S0595,,4,2026-01-07,https://www.youtube.com/live/Tfuvlbm8oLU?t=2014,なし,
【歌枠】あったかい気持ちになれる曲を歌ヲウカ✽【wouca : RK Music】#utawouca 14 / #shorts #vtuber #vsinger,S0596,,5,2026-01-07,https://www.youtube.com/live/Tfuvlbm8oLU?t=2460,なし,
【歌枠】あったかい気持ちになれる曲を歌ヲウカ✽【wouca : RK Music】#utawouca 14 / #shorts #vtuber #vsinger,S0597,,6,2026-01-07,https://www.youtube.com/live/Tfuvlbm8oLU?t=2741,なし,
【歌枠】あったかい気持ちになれる曲を歌ヲウカ✽【wouca : RK Music】#utawouca 14 / #shorts #vtuber #vsinger,S0396,,7,2026-01-07,https://www.youtube.com/live/Tfuvlbm8oLU?t=3298,なし,
【歌枠】あったかい気持ちになれる曲を歌ヲウカ✽【wouca : RK Music】#utawouca 14 / #shorts #vtuber #vsinger,S0060,,8,2026-01-07,https://www.youtube.com/live/Tfuvlbm8oLU?t=3647,なし,
【歌枠】あったかい気持ちになれる曲を歌ヲウカ✽【wouca : RK Music】#utawouca 14 / #shorts #vtuber #vsinger,S0598,,9,2026-01-07,https://www.youtube.com/live/Tfuvlbm8oLU?t=4468,なし,
【歌枠】あったかい気持ちになれる曲を歌ヲウカ✽【wouca : RK Music】#utawouca 14 / #shorts #vtuber #vsinger,S0599,,10,2026-01-07,https://www.youtube.com/live/Tfuvlbm8oLU?t=5109,なし,
【歌枠】あったかい気持ちになれる曲を歌ヲウカ✽【wouca : RK Music】#utawouca 14 / #shorts #vtuber #vsinger,S0599,,11,2026-01-07,https://www.youtube.com/live/Tfuvlbm8oLU?t=5282,なし,
【歌枠】あったかい気持ちになれる曲を歌ヲウカ✽【wouca : RK Music】#utawouca 14 / #shorts #vtuber #vsinger,S0600,,12,2026-01-07,https://www.youtube.com/live/Tfuvlbm8oLU?t=5918,なし,
【歌枠】あったかい気持ちになれる曲を歌ヲウカ✽【wouca : RK Music】#utawouca 14 / #shorts #vtuber #vsinger,S0602,,13,2026-01-07,https://www.youtube.com/live/Tfuvlbm8oLU?t=6604,なし,
【歌枠】あったかい気持ちになれる曲を歌ヲウカ✽【wouca : RK Music】#utawouca 14 / #shorts #vtuber #vsinger,S0601,,14,2026-01-07,https://www.youtube.com/live/Tfuvlbm8oLU?t=6967,なし,
【歌枠】あったかい気持ちになれる曲を歌ヲウカ✽【wouca : RK Music】#utawouca 14 / #shorts #vtuber #vsinger,S0141,,15,2026-01-07,https://www.youtube.com/live/Tfuvlbm8oLU?t=7556,なし,
【歌枠】あったかい気持ちになれる曲を歌ヲウカ✽【wouca : RK Music】#utawouca 14 / #shorts #vtuber #vsinger,S0603,,16,2026-01-07,https://www.youtube.com/live/Tfuvlbm8oLU?t=8216,なし,
【歌枠】だいすきな歌をのびのびと歌ヲウ✽【wouca : RK Music】#utawouca 15 / #shorts #vtuber #vsinger,S0604,,1,2026-01-11,https://www.youtube.com/live/-UbbKrTczq0?t=72,なし,
【歌枠】だいすきな歌をのびのびと歌ヲウ✽【wouca : RK Music】#utawouca 15 / #shorts #vtuber #vsinger,S0605,,2,2026-01-11,https://www.youtube.com/live/-UbbKrTczq0?t=925,なし,
【歌枠】だいすきな歌をのびのびと歌ヲウ✽【wouca : RK Music】#utawouca 15 / #shorts #vtuber #vsinger,S0605,,3,2026-01-11,https://www.youtube.com/live/-UbbKrTczq0?t=1417,なし,
【歌枠】だいすきな歌をのびのびと歌ヲウ✽【wouca : RK Music】#utawouca 15 / #shorts #vtuber #vsinger,S0593,,4,2026-01-11,https://www.youtube.com/live/-UbbKrTczq0?t=2269,なし,
【歌枠】だいすきな歌をのびのびと歌ヲウ✽【wouca : RK Music】#utawouca 15 / #shorts #vtuber #vsinger,S0606,,5,2026-01-11,https://www.youtube.com/live/-UbbKrTczq0?t=3050,なし,
【歌枠】だいすきな歌をのびのびと歌ヲウ✽【wouca : RK Music】#utawouca 15 / #shorts #vtuber #vsinger,S0607,,6,2026-01-11,https://www.youtube.com/live/-UbbKrTczq0?t=3687,なし,
【歌枠】だいすきな歌をのびのびと歌ヲウ✽【wouca : RK Music】#utawouca 15 / #shorts #vtuber #vsinger,S0608,,7,2026-01-11,https://www.youtube.com/live/-UbbKrTczq0?t=4718,なし,
【歌枠】だいすきな歌をのびのびと歌ヲウ✽【wouca : RK Music】#utawouca 15 / #shorts #vtuber #vsinger,S0560,,8,2026-01-11,https://www.youtube.com/live/-UbbKrTczq0?t=5135,なし,
【歌枠】だいすきな歌をのびのびと歌ヲウ✽【wouca : RK Music】#utawouca 15 / #shorts #vtuber #vsinger,S0476,,9,2026-01-11,https://www.youtube.com/live/-UbbKrTczq0?t=5846,なし,
【歌枠】だいすきな歌をのびのびと歌ヲウ✽【wouca : RK Music】#utawouca 15 / #shorts #vtuber #vsinger,S0609,,10,2026-01-11,https://www.youtube.com/live/-UbbKrTczq0?t=6361,なし,
【歌枠】だいすきな歌をのびのびと歌ヲウ✽【wouca : RK Music】#utawouca 15 / #shorts #vtuber #vsinger,S0610,,11,2026-01-11,https://www.youtube.com/live/-UbbKrTczq0?t=7776,なし,
【歌枠】だいすきな歌をのびのびと歌ヲウ✽【wouca : RK Music】#utawouca 15 / #shorts #vtuber #vsinger,S0611,,12,2026-01-11,https://www.youtube.com/live/-UbbKrTczq0?t=8086,なし,
【歌枠】だいすきな歌をのびのびと歌ヲウ✽【wouca : RK Music】#utawouca 15 / #shorts #vtuber #vsinger,S0612,,13,2026-01-11,https://www.youtube.com/live/-UbbKrTczq0?t=9104,なし,
【歌枠】だいすきな歌をのびのびと歌ヲウ✽【wouca : RK Music】#utawouca 15 / #shorts #vtuber #vsinger,S0288,,14,2026-01-11,https://www.youtube.com/live/-UbbKrTczq0?t=9842,なし,
【歌枠】だいすきな歌をのびのびと歌ヲウ✽【wouca : RK Music】#utawouca 15 / #shorts #vtuber #vsinger,S0613,,15,2026-01-11,https://www.youtube.com/live/-UbbKrTczq0?t=10310,なし,
【歌枠】だいすきな歌をのびのびと歌ヲウ✽【wouca : RK Music】#utawouca 15 / #shorts #vtuber #vsinger,S0614,,16,2026-01-11,https://www.youtube.com/live/-UbbKrTczq0?t=10597,なし,
【歌枠】だいすきな歌をのびのびと歌ヲウ✽【wouca : RK Music】#utawouca 15 / #shorts #vtuber #vsinger,S0615,,17,2026-01-11,https://www.youtube.com/live/-UbbKrTczq0?t=11544,なし,
【歌枠】だいすきな歌をのびのびと歌ヲウ✽【wouca : RK Music】#utawouca 15 / #shorts #vtuber #vsinger,S0616,,18,2026-01-11,https://www.youtube.com/live/-UbbKrTczq0?t=11983,なし,
【歌枠】だいすきな歌をのびのびと歌ヲウ✽【wouca : RK Music】#utawouca 15 / #shorts #vtuber #vsinger,S0617,,19,2026-01-11,https://www.youtube.com/live/-UbbKrTczq0?t=12416,なし,
【歌枠】だいすきな歌をのびのびと歌ヲウ✽【wouca : RK Music】#utawouca 15 / #shorts #vtuber #vsinger,S0618,,20,2026-01-11,https://www.youtube.com/live/-UbbKrTczq0?t=13072,なし,
【歌枠】だいすきな歌をのびのびと歌ヲウ✽【wouca : RK Music】#utawouca 15 / #shorts #vtuber #vsinger,S0619,,21,2026-01-11,https://www.youtube.com/live/-UbbKrTczq0?t=13511,なし,
【歌枠】ゲリラでごめんね、ちょっとだけ歌ヲウカ✽【wouca : RK Music】#utawouca 16 / #shorts #vtuber #vsinger,S0328,,1,2026-01-15,https://www.youtube.com/live/L0SmeT6NeCw?t=222,なし,
【歌枠】ゲリラでごめんね、ちょっとだけ歌ヲウカ✽【wouca : RK Music】#utawouca 16 / #shorts #vtuber #vsinger,S0230,,2,2026-01-15,https://www.youtube.com/live/L0SmeT6NeCw?t=1100,なし,
【歌枠】ゲリラでごめんね、ちょっとだけ歌ヲウカ✽【wouca : RK Music】#utawouca 16 / #shorts #vtuber #vsinger,S0074,,3,2026-01-15,https://www.youtube.com/live/L0SmeT6NeCw?t=1857,なし,
【歌枠】ゲリラでごめんね、ちょっとだけ歌ヲウカ✽【wouca : RK Music】#utawouca 16 / #shorts #vtuber #vsinger,S0622,,4,2026-01-15,https://www.youtube.com/live/L0SmeT6NeCw?t=2465,なし,
【歌枠】ゲリラでごめんね、ちょっとだけ歌ヲウカ✽【wouca : RK Music】#utawouca 16 / #shorts #vtuber #vsinger,S0623,,5,2026-01-15,https://www.youtube.com/live/L0SmeT6NeCw?t=2994,なし,
【歌枠】ゲリラでごめんね、ちょっとだけ歌ヲウカ✽【wouca : RK Music】#utawouca 16 / #shorts #vtuber #vsinger,S0073,,6,2026-01-15,https://www.youtube.com/live/L0SmeT6NeCw?t=3305,なし,
【歌枠】ゲリラでごめんね、ちょっとだけ歌ヲウカ✽【wouca : RK Music】#utawouca 16 / #shorts #vtuber #vsinger,S0624,,7,2026-01-15,https://www.youtube.com/live/L0SmeT6NeCw?t=3717,なし,
【歌枠】ゲリラでごめんね、ちょっとだけ歌ヲウカ✽【wouca : RK Music】#utawouca 16 / #shorts #vtuber #vsinger,S0625,,8,2026-01-15,https://www.youtube.com/live/L0SmeT6NeCw?t=4394,なし,
【歌枠】ゲリラでごめんね、ちょっとだけ歌ヲウカ✽【wouca : RK Music】#utawouca 16 / #shorts #vtuber #vsinger,S0066,,9,2026-01-15,https://www.youtube.com/live/L0SmeT6NeCw?t=5500,なし,
【歌枠】ゲリラでごめんね、ちょっとだけ歌ヲウカ✽【wouca : RK Music】#utawouca 16 / #shorts #vtuber #vsinger,S0626,,10,2026-01-15,https://www.youtube.com/live/L0SmeT6NeCw?t=5830,なし,
【歌枠】リクエスト大歓迎◎ レアな昼間に歌っちゃヲウカ✽【wouca : RK Music】#utawouca 17,S0627,,1,2026-01-16,https://www.youtube.com/live/NduAy-QZV5E?t=234,なし,
【歌枠】リクエスト大歓迎◎ レアな昼間に歌っちゃヲウカ✽【wouca : RK Music】#utawouca 17,S0409,,2,2026-01-16,https://www.youtube.com/live/NduAy-QZV5E?t=1177,なし,
【歌枠】リクエスト大歓迎◎ レアな昼間に歌っちゃヲウカ✽【wouca : RK Music】#utawouca 17,S0628,,3,2026-01-16,https://www.youtube.com/live/NduAy-QZV5E?t=1706,なし,
【歌枠】リクエスト大歓迎◎ レアな昼間に歌っちゃヲウカ✽【wouca : RK Music】#utawouca 17,S0076,,4,2026-01-16,https://www.youtube.com/live/NduAy-QZV5E?t=2335,なし,
【歌枠】リクエスト大歓迎◎ レアな昼間に歌っちゃヲウカ✽【wouca : RK Music】#utawouca 17,S0629,,5,2026-01-16,https://www.youtube.com/live/NduAy-QZV5E?t=2639,なし,
【歌枠】リクエスト大歓迎◎ レアな昼間に歌っちゃヲウカ✽【wouca : RK Music】#utawouca 17,S0630,,6,2026-01-16,https://www.youtube.com/live/NduAy-QZV5E?t=3321,なし,
【歌枠】リクエスト大歓迎◎ レアな昼間に歌っちゃヲウカ✽【wouca : RK Music】#utawouca 17,S0631,,7,2026-01-16,https://www.youtube.com/live/NduAy-QZV5E?t=3701,なし,
【歌枠】リクエスト大歓迎◎ レアな昼間に歌っちゃヲウカ✽【wouca : RK Music】#utawouca 17,S0632,,8,2026-01-16,https://www.youtube.com/live/NduAy-QZV5E?t=4320,なし,
【歌枠】リクエスト大歓迎◎ レアな昼間に歌っちゃヲウカ✽【wouca : RK Music】#utawouca 17,S0578,,9,2026-01-16,https://www.youtube.com/live/NduAy-QZV5E?t=4635,なし,
【歌枠】リクエスト大歓迎◎ レアな昼間に歌っちゃヲウカ✽【wouca : RK Music】#utawouca 17,S0633,,10,2026-01-16,https://www.youtube.com/live/NduAy-QZV5E?t=5083,なし,
【歌枠】リクエスト大歓迎◎ レアな昼間に歌っちゃヲウカ✽【wouca : RK Music】#utawouca 17,S0162,,11,2026-01-16,https://www.youtube.com/live/NduAy-QZV5E?t=5648,なし,
【歌枠】リクエスト大歓迎◎ レアな昼間に歌っちゃヲウカ✽【wouca : RK Music】#utawouca 17,S0225,,12,2026-01-16,https://www.youtube.com/live/NduAy-QZV5E?t=6018,なし,
【歌枠】リクエスト大歓迎◎ レアな昼間に歌っちゃヲウカ✽【wouca : RK Music】#utawouca 17,S0456,,13,2026-01-16,https://www.youtube.com/live/NduAy-QZV5E?t=6628,なし,
【歌枠】リクエスト大歓迎◎ レアな昼間に歌っちゃヲウカ✽【wouca : RK Music】#utawouca 17,S0473,,14,2026-01-16,https://www.youtube.com/live/NduAy-QZV5E?t=6855,なし,
【歌枠】リクエスト大歓迎◎ レアな昼間に歌っちゃヲウカ✽【wouca : RK Music】#utawouca 17,S0456,,15,2026-01-16,https://www.youtube.com/live/NduAy-QZV5E?t=7170,なし,
【歌枠】睡眠導入に✽しっとり癒しソングを歌ヲウカ【wouca : RK Music】#utawouca 18,S0634,,1,2026-01-19,https://www.youtube.com/live/EWfCckI4wtI?t=267,なし,
【歌枠】睡眠導入に✽しっとり癒しソングを歌ヲウカ【wouca : RK Music】#utawouca 18,S0394,,2,2026-01-19,https://www.youtube.com/live/EWfCckI4wtI?t=1365,なし,
【歌枠】睡眠導入に✽しっとり癒しソングを歌ヲウカ【wouca : RK Music】#utawouca 18,S0484,,3,2026-01-19,https://www.youtube.com/live/EWfCckI4wtI?t=2021,なし,
【歌枠】睡眠導入に✽しっとり癒しソングを歌ヲウカ【wouca : RK Music】#utawouca 18,S0145,,4,2026-01-19,https://www.youtube.com/live/EWfCckI4wtI?t=2673,なし,
【歌枠】睡眠導入に✽しっとり癒しソングを歌ヲウカ【wouca : RK Music】#utawouca 18,S0635,,5,2026-01-19,https://www.youtube.com/live/EWfCckI4wtI?t=3722,なし,
【歌枠】睡眠導入に✽しっとり癒しソングを歌ヲウカ【wouca : RK Music】#utawouca 18,S0538,,6,2026-01-19,https://www.youtube.com/live/EWfCckI4wtI?t=4652,なし,
【歌枠】睡眠導入に✽しっとり癒しソングを歌ヲウカ【wouca : RK Music】#utawouca 18,S0636,,7,2026-01-19,https://www.youtube.com/live/EWfCckI4wtI?t=5326,なし,
【歌枠】睡眠導入に✽しっとり癒しソングを歌ヲウカ【wouca : RK Music】#utawouca 18,S0637,,8,2026-01-19,https://www.youtube.com/live/EWfCckI4wtI?t=6288,なし,
【歌枠】睡眠導入に✽しっとり癒しソングを歌ヲウカ【wouca : RK Music】#utawouca 18,S0637,,9,2026-01-19,https://www.youtube.com/live/EWfCckI4wtI?t=6749,なし,
【歌枠】睡眠導入に✽しっとり癒しソングを歌ヲウカ【wouca : RK Music】#utawouca 18,S0638,,10,2026-01-19,https://www.youtube.com/live/EWfCckI4wtI?t=6991,なし,
【歌枠】睡眠導入に✽しっとり癒しソングを歌ヲウカ【wouca : RK Music】#utawouca 18,S0415,,11,2026-01-19,https://www.youtube.com/live/EWfCckI4wtI?t=7434,なし,
【歌枠】睡眠導入に✽しっとり癒しソングを歌ヲウカ【wouca : RK Music】#utawouca 18,S0415,,12,2026-01-19,https://www.youtube.com/live/EWfCckI4wtI?t=7575,なし,
【歌枠】睡眠導入に✽しっとり癒しソングを歌ヲウカ【wouca : RK Music】#utawouca 18,S0292,,13,2026-01-19,https://www.youtube.com/live/EWfCckI4wtI?t=7839,なし,
【歌枠】睡眠導入に✽しっとり癒しソングを歌ヲウカ【wouca : RK Music】#utawouca 18,S0639,,14,2026-01-19,https://www.youtube.com/live/EWfCckI4wtI?t=8444,なし,
【歌枠】睡眠導入に✽しっとり癒しソングを歌ヲウカ【wouca : RK Music】#utawouca 18,S0646,,15,2026-01-19,https://www.youtube.com/live/EWfCckI4wtI?t=8831,なし,
【歌枠】睡眠導入に✽しっとり癒しソングを歌ヲウカ【wouca : RK Music】#utawouca 18,S0640,,16,2026-01-19,https://www.youtube.com/live/EWfCckI4wtI?t=8983,なし,
【歌枠】睡眠導入に✽しっとり癒しソングを歌ヲウカ【wouca : RK Music】#utawouca 18,S0631,,17,2026-01-19,https://www.youtube.com/live/EWfCckI4wtI?t=9135,なし,
【歌枠】睡眠導入に✽しっとり癒しソングを歌ヲウカ【wouca : RK Music】#utawouca 18,S0641,,18,2026-01-19,https://www.youtube.com/live/EWfCckI4wtI?t=9247,なし,
【歌枠】睡眠導入に✽しっとり癒しソングを歌ヲウカ【wouca : RK Music】#utawouca 18,S0642,,19,2026-01-19,https://www.youtube.com/live/EWfCckI4wtI?t=9399,なし,
【歌枠】睡眠導入に✽しっとり癒しソングを歌ヲウカ【wouca : RK Music】#utawouca 18,S0643,,20,2026-01-19,https://www.youtube.com/live/EWfCckI4wtI?t=9548,なし,
【歌枠】睡眠導入に✽しっとり癒しソングを歌ヲウカ【wouca : RK Music】#utawouca 18,S0644,,21,2026-01-19,https://www.youtube.com/live/EWfCckI4wtI?t=10095,なし,
【歌枠】睡眠導入に✽しっとり癒しソングを歌ヲウカ【wouca : RK Music】#utawouca 18,S0645,,22,2026-01-19,https://www.youtube.com/live/EWfCckI4wtI?t=10512,なし,
【歌枠】同接600を目指してたっぷり歌ウ耐久✲【wouca : RK Music】#utawouca 19 / #shorts #vtuber #vsinger,S0279,,1,2026-01-21,https://www.youtube.com/live/bO5MO5b0Pjw?t=186,なし,
【歌枠】同接600を目指してたっぷり歌ウ耐久✲【wouca : RK Music】#utawouca 19 / #shorts #vtuber #vsinger,S0464,,2,2026-01-21,https://www.youtube.com/live/bO5MO5b0Pjw?t=695,なし,
【歌枠】同接600を目指してたっぷり歌ウ耐久✲【wouca : RK Music】#utawouca 19 / #shorts #vtuber #vsinger,S0007,,3,2026-01-21,https://www.youtube.com/live/bO5MO5b0Pjw?t=1082,なし,
【歌枠】同接600を目指してたっぷり歌ウ耐久✲【wouca : RK Music】#utawouca 19 / #shorts #vtuber #vsinger,S0458,,4,2026-01-21,https://www.youtube.com/live/bO5MO5b0Pjw?t=2027,なし,
【歌枠】同接600を目指してたっぷり歌ウ耐久✲【wouca : RK Music】#utawouca 19 / #shorts #vtuber #vsinger,S0649,,5,2026-01-21,https://www.youtube.com/live/bO5MO5b0Pjw?t=2407,なし,
【歌枠】同接600を目指してたっぷり歌ウ耐久✲【wouca : RK Music】#utawouca 19 / #shorts #vtuber #vsinger,S0647,,6,2026-01-21,https://www.youtube.com/live/bO5MO5b0Pjw?t=2955,なし,
【歌枠】同接600を目指してたっぷり歌ウ耐久✲【wouca : RK Music】#utawouca 19 / #shorts #vtuber #vsinger,S0648,,7,2026-01-21,https://www.youtube.com/live/bO5MO5b0Pjw?t=3070,なし,
【歌枠】同接600を目指してたっぷり歌ウ耐久✲【wouca : RK Music】#utawouca 19 / #shorts #vtuber #vsinger,S0470,,8,2026-01-21,https://www.youtube.com/live/bO5MO5b0Pjw?t=3243,なし,
【歌枠】同接600を目指してたっぷり歌ウ耐久✲【wouca : RK Music】#utawouca 19 / #shorts #vtuber #vsinger,S0524,,9,2026-01-21,https://www.youtube.com/live/bO5MO5b0Pjw?t=3684,なし,
【歌枠】同接600を目指してたっぷり歌ウ耐久✲【wouca : RK Music】#utawouca 19 / #shorts #vtuber #vsinger,S0173,,10,2026-01-21,https://www.youtube.com/live/bO5MO5b0Pjw?t=4224,なし,
【歌枠】同接600を目指してたっぷり歌ウ耐久✲【wouca : RK Music】#utawouca 19 / #shorts #vtuber #vsinger,S0485,,11,2026-01-21,https://www.youtube.com/live/bO5MO5b0Pjw?t=4589,なし,
【歌枠】同接600を目指してたっぷり歌ウ耐久✲【wouca : RK Music】#utawouca 19 / #shorts #vtuber #vsinger,S0564,,12,2026-01-21,https://www.youtube.com/live/bO5MO5b0Pjw?t=5107,なし,
【歌枠】同接600を目指してたっぷり歌ウ耐久✲【wouca : RK Music】#utawouca 19 / #shorts #vtuber #vsinger,S0556,,13,2026-01-21,https://www.youtube.com/live/bO5MO5b0Pjw?t=5340,なし,
【歌枠】同接600を目指してたっぷり歌ウ耐久✲【wouca : RK Music】#utawouca 19 / #shorts #vtuber #vsinger,S0650,,14,2026-01-21,https://www.youtube.com/live/bO5MO5b0Pjw?t=5647,なし,
【歌枠】同接600を目指してたっぷり歌ウ耐久✲【wouca : RK Music】#utawouca 19 / #shorts #vtuber #vsinger,S0359,,15,2026-01-21,https://www.youtube.com/live/bO5MO5b0Pjw?t=5846,なし,
【歌枠】同接600を目指してたっぷり歌ウ耐久✲【wouca : RK Music】#utawouca 19 / #shorts #vtuber #vsinger,S0604,,16,2026-01-21,https://www.youtube.com/live/bO5MO5b0Pjw?t=6208,なし,
【歌枠】同接600を目指してたっぷり歌ウ耐久✲【wouca : RK Music】#utawouca 19 / #shorts #vtuber #vsinger,S0462,,17,2026-01-21,https://www.youtube.com/live/bO5MO5b0Pjw?t=6527,なし,
【歌枠】同接600を目指してたっぷり歌ウ耐久✲【wouca : RK Music】#utawouca 19 / #shorts #vtuber #vsinger,S0651,,18,2026-01-21,https://www.youtube.com/live/bO5MO5b0Pjw?t=6921,なし,
【歌枠】同接600を目指してたっぷり歌ウ耐久✲【wouca : RK Music】#utawouca 19 / #shorts #vtuber #vsinger,S0652,,19,2026-01-21,https://www.youtube.com/live/bO5MO5b0Pjw?t=7604,なし,
【歌枠】同接600を目指してたっぷり歌ウ耐久✲【wouca : RK Music】#utawouca 19 / #shorts #vtuber #vsinger,S0566,,20,2026-01-21,https://www.youtube.com/live/bO5MO5b0Pjw?t=7743,なし,
【歌枠】同接600を目指してたっぷり歌ウ耐久✲【wouca : RK Music】#utawouca 19 / #shorts #vtuber #vsinger,S0653,,21,2026-01-21,https://www.youtube.com/live/bO5MO5b0Pjw?t=8185,なし,
【歌枠】同接600を目指してたっぷり歌ウ耐久✲【wouca : RK Music】#utawouca 19 / #shorts #vtuber #vsinger,S0654,,22,2026-01-21,https://www.youtube.com/live/bO5MO5b0Pjw?t=8431,なし,
【歌枠】同接600を目指してたっぷり歌ウ耐久✲【wouca : RK Music】#utawouca 19 / #shorts #vtuber #vsinger,S0131,,23,2026-01-21,https://www.youtube.com/live/bO5MO5b0Pjw?t=8812,なし,
【歌枠】同接600を目指してたっぷり歌ウ耐久✲【wouca : RK Music】#utawouca 19 / #shorts #vtuber #vsinger,S0460,,24,2026-01-21,https://www.youtube.com/live/bO5MO5b0Pjw?t=9196,なし,
【歌枠】同接600を目指してたっぷり歌ウ耐久✲【wouca : RK Music】#utawouca 19 / #shorts #vtuber #vsinger,S0293,,25,2026-01-21,https://www.youtube.com/live/bO5MO5b0Pjw?t=10439,なし,
【歌枠】同接600を目指してたっぷり歌ウ耐久✲【wouca : RK Music】#utawouca 19 / #shorts #vtuber #vsinger,S0287,,26,2026-01-21,https://www.youtube.com/live/bO5MO5b0Pjw?t=10841,なし,
【歌枠】同接600を目指してたっぷり歌ウ耐久✲【wouca : RK Music】#utawouca 19 / #shorts #vtuber #vsinger,S0540,,27,2026-01-21,https://www.youtube.com/live/bO5MO5b0Pjw?t=11225,なし,
【歌枠】同接600を目指してたっぷり歌ウ耐久✲【wouca : RK Music】#utawouca 19 / #shorts #vtuber #vsinger,S0247,,28,2026-01-21,https://www.youtube.com/live/bO5MO5b0Pjw?t=11741,なし,
【歌枠】同接600を目指してたっぷり歌ウ耐久✲【wouca : RK Music】#utawouca 19 / #shorts #vtuber #vsinger,S0193,,29,2026-01-21,https://www.youtube.com/live/bO5MO5b0Pjw?t=12383,なし,
【歌枠】同接600を目指してたっぷり歌ウ耐久✲【wouca : RK Music】#utawouca 19 / #shorts #vtuber #vsinger,S0655,,30,2026-01-21,https://www.youtube.com/live/bO5MO5b0Pjw?t=12983,なし,
【歌枠】歌いながら登録者1万人をお迎えしたい耐久✲【wouca : RK Music】#utawouca 20 / #shorts #vtuber #vsinger,S0357,,1,2026-01-23,https://www.youtube.com/live/vS44luRdBA4?t=42,なし,
【歌枠】歌いながら登録者1万人をお迎えしたい耐久✲【wouca : RK Music】#utawouca 20 / #shorts #vtuber #vsinger,S0656,,2,2026-01-23,https://www.youtube.com/live/vS44luRdBA4?t=584,なし,
【歌枠】歌いながら登録者1万人をお迎えしたい耐久✲【wouca : RK Music】#utawouca 20 / #shorts #vtuber #vsinger,S0657,,3,2026-01-23,https://www.youtube.com/live/vS44luRdBA4?t=949,なし,
【歌枠】歌いながら登録者1万人をお迎えしたい耐久✲【wouca : RK Music】#utawouca 20 / #shorts #vtuber #vsinger,S0658,,4,2026-01-23,https://www.youtube.com/live/vS44luRdBA4?t=1405,なし,
【歌枠】歌いながら登録者1万人をお迎えしたい耐久✲【wouca : RK Music】#utawouca 20 / #shorts #vtuber #vsinger,S0659,,5,2026-01-23,https://www.youtube.com/live/vS44luRdBA4?t=1730,なし,
【歌枠】歌いながら登録者1万人をお迎えしたい耐久✲【wouca : RK Music】#utawouca 20 / #shorts #vtuber #vsinger,S0660,,6,2026-01-23,https://www.youtube.com/live/vS44luRdBA4?t=1985,なし,
【歌枠】歌いながら登録者1万人をお迎えしたい耐久✲【wouca : RK Music】#utawouca 20 / #shorts #vtuber #vsinger,S0661,,7,2026-01-23,https://www.youtube.com/live/vS44luRdBA4?t=2490,なし,
【歌枠】歌いながら登録者1万人をお迎えしたい耐久✲【wouca : RK Music】#utawouca 20 / #shorts #vtuber #vsinger,S0662,,8,2026-01-23,https://www.youtube.com/live/vS44luRdBA4?t=2870,なし,
【歌枠】歌いながら登録者1万人をお迎えしたい耐久✲【wouca : RK Music】#utawouca 20 / #shorts #vtuber #vsinger,S0242,,9,2026-01-23,https://www.youtube.com/live/vS44luRdBA4?t=3270,なし,
【歌枠】歌いながら登録者1万人をお迎えしたい耐久✲【wouca : RK Music】#utawouca 20 / #shorts #vtuber #vsinger,S0663,,10,2026-01-23,https://www.youtube.com/live/vS44luRdBA4?t=3880,なし,
【歌枠】歌いながら登録者1万人をお迎えしたい耐久✲【wouca : RK Music】#utawouca 20 / #shorts #vtuber #vsinger,S0664,,11,2026-01-23,https://www.youtube.com/live/vS44luRdBA4?t=4299,なし,
【歌枠】歌いながら登録者1万人をお迎えしたい耐久✲【wouca : RK Music】#utawouca 20 / #shorts #vtuber #vsinger,S0665,,12,2026-01-23,https://www.youtube.com/live/vS44luRdBA4?t=4728,なし,
【歌枠】歌いながら登録者1万人をお迎えしたい耐久✲【wouca : RK Music】#utawouca 20 / #shorts #vtuber #vsinger,S0666,,13,2026-01-23,https://www.youtube.com/live/vS44luRdBA4?t=5234,なし,
【歌枠】歌いながら登録者1万人をお迎えしたい耐久✲【wouca : RK Music】#utawouca 20 / #shorts #vtuber #vsinger,S0667,,14,2026-01-23,https://www.youtube.com/live/vS44luRdBA4?t=5547,なし,
【歌枠】歌いながら登録者1万人をお迎えしたい耐久✲【wouca : RK Music】#utawouca 20 / #shorts #vtuber #vsinger,S0627,,15,2026-01-23,https://www.youtube.com/live/vS44luRdBA4?t=6003,なし,
【歌枠】歌いながら登録者1万人をお迎えしたい耐久✲【wouca : RK Music】#utawouca 20 / #shorts #vtuber #vsinger,S0668,,16,2026-01-23,https://www.youtube.com/live/vS44luRdBA4?t=6664,なし,
【歌枠】歌いながら登録者1万人をお迎えしたい耐久✲【wouca : RK Music】#utawouca 20 / #shorts #vtuber #vsinger,S0669,,17,2026-01-23,https://www.youtube.com/live/vS44luRdBA4?t=7068,なし,
【歌枠】歌いながら登録者1万人をお迎えしたい耐久✲【wouca : RK Music】#utawouca 20 / #shorts #vtuber #vsinger,S0528,,18,2026-01-23,https://www.youtube.com/live/vS44luRdBA4?t=7395,なし,
【歌枠】歌いながら登録者1万人をお迎えしたい耐久✲【wouca : RK Music】#utawouca 20 / #shorts #vtuber #vsinger,S0593,,19,2026-01-23,https://www.youtube.com/live/vS44luRdBA4?t=7742,なし,
【歌枠】歌いながら登録者1万人をお迎えしたい耐久✲【wouca : RK Music】#utawouca 20 / #shorts #vtuber #vsinger,S0456,,20,2026-01-23,https://www.youtube.com/live/vS44luRdBA4?t=8503,なし,
